<?xml version="1.0" encoding="UTF-8"?>
<project-private xmlns="http://www.netbeans.org/ns/project-private/1">
    <editor-bookmarks xmlns="http://www.netbeans.org/ns/editor-bookmarks/2" lastBookmarkId="0"/>
    <open-files xmlns="http://www.netbeans.org/ns/projectui-open-files/2">
        <group>
            <file>file:/C:/wamp/www/SOLUTION/Notifications.php</file>
            <file>file:/C:/wamp/www/SOLUTION/includes/Tweet.php</file>
            <file>file:/C:/wamp/www/Tweet_proc.php</file>
            <file>file:/C:/wamp/www/SOLUTION/Follow_proc.php</file>
            <file>file:/C:/wamp/www/signup_proc.php</file>
            <file>file:/C:/wamp/www/SOLUTION/logout.php</file>
            <file>file:/C:/wamp/www/SOLUTION/Signup.php</file>
            <file>file:/C:/wamp/www/SOLUTION/includes/User.php</file>
            <file>file:/C:/wamp/www/index.php</file>
            <file>file:/C:/wamp/www/SOLUTION/Login_proc.php</file>
            <file>file:/C:/wamp/www/SOLUTION/signup_proc.php</file>
            <file>file:/C:/wamp/www/Signup.php</file>
            <file>file:/C:/wamp/www/SOLUTION/index.php</file>
            <file>file:/C:/wamp/www/Login_proc.php</file>
        </group>
    </open-files>
</project-private>
